{"stat.useItem.minecraft.bow":13,"stat.pickup.minecraft.repeating_command_block":3,"stat.drop.minecraft.armor_stand":2,"stat.useItem.minecraft.chain_command_block":1109,"stat.useItem.minecraft.quartz_block":1210,"stat.killEntity.EntityHorse":1,"stat.craftItem.minecraft.diamond_hoe":4,"stat.leaveGame":264,"stat.useItem.minecraft.bookshelf":5,"stat.useItem.minecraft.lead":9,"stat.useItem.minecraft.repeating_command_block":287,"stat.useItem.minecraft.glowstone":71,"stat.killEntity.PigZombie":12,"stat.useItem.minecraft.planks":1667,"stat.mineBlock.minecraft.web":11,"stat.useItem.minecraft.nether_brick_stairs":2,"stat.entityKilledBy.PigZombie":1,"stat.pickup.minecraft.porkchop":276,"stat.drop.minecraft.melon":15,"stat.useItem.minecraft.water_bucket":257,"stat.pickup.minecraft.rotten_flesh":20,"stat.useItem.minecraft.diamond_hoe":422,"stat.pickup.minecraft.sand":575,"stat.useItem.minecraft.sandstone_stairs":32,"stat.useItem.minecraft.activator_rail":6,"stat.useItem.minecraft.rail":356,"stat.pickup.minecraft.wooden_hoe":8,"stat.drop.minecraft.elytra":9,"stat.aviateOneCm":2082307,"stat.useItem.minecraft.anvil":9,"stat.craftItem.minecraft.stone_sword":1,"stat.drop.minecraft.sand":1,"stat.killEntity.Villager":2,"stat.hopperInspected":29,"stat.useItem.minecraft.fence_gate":1,"stat.drop.minecraft.golden_sword":275,"stat.useItem.minecraft.iron_pickaxe":11,"stat.useItem.minecraft.spawn_egg":3367,"stat.pickup.minecraft.armor_stand":1,"stat.trappedChestTriggered":46,"stat.useItem.minecraft.oak_stairs":110,"stat.furnaceInteraction":3,"stat.useItem.minecraft.pumpkin_seeds":84,"stat.useItem.minecraft.dark_oak_stairs":20,"stat.pickup.minecraft.wooden_button":10,"stat.pickup.minecraft.filled_map":138,"stat.useItem.minecraft.double_plant":69,"stat.useItem.minecraft.minecart":2,"stat.useItem.minecraft.redstone":216,"stat.drop.minecraft.wooden_button":1,"achievement.mineWood":3,"stat.useItem.minecraft.trapdoor":3,"stat.useItem.minecraft.stained_glass":775,"stat.useItem.minecraft.fence":296,"stat.useItem.minecraft.stone_stairs":16,"stat.pickup.minecraft.acacia_door":13,"stat.useItem.minecraft.acacia_fence":51,"achievement.openInventory":1946,"stat.useItem.minecraft.flint_and_steel":102,"stat.drop.minecraft.wooden_hoe":10,"stat.useItem.minecraft.wooden_button":54,"stat.pickup.minecraft.pumpkin_seeds":38,"stat.useItem.minecraft.lingering_potion":88,"stat.useItem.minecraft.hopper":60,"stat.pickup.minecraft.emerald":1,"stat.useItem.minecraft.dye":1626,"stat.pickup.minecraft.lever":3,"stat.deaths":123,"stat.drop.minecraft.chain_command_block":7,"stat.playOneMinute":16649278,"stat.useItem.minecraft.jungle_stairs":1,"stat.pickup.minecraft.clock":3,"stat.useItem.minecraft.shears":11,"stat.pickup.minecraft.item_frame":26,"stat.drop.minecraft.chest":1,"stat.pickup.minecraft.iron_bars":10,"stat.useItem.minecraft.jukebox":52,"stat.mineBlock.minecraft.tallgrass":1,"stat.chestOpened":636,"stat.useItem.minecraft.lapis_ore":1,"stat.useItem.minecraft.splash_potion":4,"stat.craftItem.minecraft.mushroom_stew":1,"stat.recordPlayed":5,"stat.useItem.minecraft.stone":1932,"stat.useItem.minecraft.jungle_fence":34,"stat.pickup.minecraft.arrow":390,"stat.pickup.minecraft.iron_sword":21,"stat.pickup.minecraft.wooden_pressure_plate":1,"stat.useItem.minecraft.ender_chest":10,"stat.pickup.minecraft.gold_nugget":18988,"stat.useItem.minecraft.clay":97,"stat.useItem.minecraft.quartz_ore":189,"stat.fallOneCm":270646,"stat.drop.minecraft.stone":2,"stat.drop.minecraft.dye":18,"stat.useItem.minecraft.trapped_chest":14,"stat.pickup.minecraft.carrot":1,"stat.crouchOneCm":37439,"stat.pickup.minecraft.rail":2,"stat.drop.minecraft.book":27,"stat.drop.minecraft.mushroom_stew":11,"stat.craftingTableInteraction":49,"stat.pickup.minecraft.repeater":3,"stat.pickup.minecraft.mushroom_stew":22,"stat.useItem.minecraft.golden_rail":59,"stat.useItem.minecraft.dark_oak_fence":36,"stat.drop.minecraft.bone":4,"stat.useItem.minecraft.furnace":3,"stat.pickup.minecraft.dye":110,"stat.pickup.minecraft.planks":1,"stat.pickup.minecraft.wheat_seeds":2711,"stat.pickup.minecraft.lead":48,"stat.useItem.minecraft.stone_pickaxe":4,"stat.drop.minecraft.diamond_hoe":70,"stat.drop.minecraft.carpet":2,"stat.useItem.minecraft.wool":1159,"stat.useItem.minecraft.record_13":5,"stat.flowerPotted":6,"stat.useItem.minecraft.iron_bars":343,"stat.pickup.minecraft.flint_and_steel":1,"stat.useItem.minecraft.torch":226,"stat.useItem.minecraft.log":391,"stat.useItem.minecraft.comparator":19,"stat.drop.minecraft.tallgrass":1,"stat.useItem.minecraft.cobblestone":52,"stat.drop.minecraft.lingering_potion":1,"stat.minecartOneCm":281809,"stat.drop.minecraft.sign":7,"stat.pickup.minecraft.compass":6,"stat.pickup.minecraft.tallgrass":1,"stat.pickup.minecraft.web":26,"stat.pickup.minecraft.chicken":1,"stat.drop.minecraft.gold_nugget":2,"stat.pickup.minecraft.sapling":2,"stat.useItem.minecraft.tallgrass":15,"stat.pickup.minecraft.apple":22,"stat.useItem.minecraft.glass_pane":30,"stat.pickup.minecraft.beetroot":100,"stat.useItem.minecraft.iron_sword":409,"stat.useItem.minecraft.barrier":269,"stat.useItem.minecraft.jungle_door":1,"stat.useItem.minecraft.daylight_detector":2,"stat.useItem.minecraft.stonebrick":532,"stat.pickup.minecraft.book":424,"stat.pickup.minecraft.golden_sword":6,"stat.useItem.minecraft.wooden_door":3,"stat.useItem.minecraft.grass_path":732,"stat.useItem.minecraft.spruce_door":9,"stat.drop.minecraft.cake":14,"stat.useItem.minecraft.beetroot_seeds":1,"stat.pickup.minecraft.red_flower":2,"stat.sneakTime":118189,"stat.pickup.minecraft.cooked_fish":18,"stat.useItem.minecraft.brewing_stand":5,"stat.pickup.minecraft.chest":26,"stat.useItem.minecraft.web":100,"stat.useItem.minecraft.lapis_block":12,"stat.pickup.minecraft.lingering_potion":1,"stat.pickup.minecraft.bone":65,"stat.pickup.minecraft.redstone_torch":12,"stat.pickup.minecraft.stone_pressure_plate":1,"stat.horseOneCm":672256,"stat.useItem.minecraft.repeater":112,"stat.useItem.minecraft.log2":31,"stat.useItem.minecraft.beacon":19,"stat.pickup.minecraft.stone_pickaxe":1,"stat.useItem.minecraft.skull":111,"stat.useItem.minecraft.diamond_sword":834,"stat.swimOneCm":130396,"stat.useItem.minecraft.snow":284,"stat.climbOneCm":17606,"stat.useItem.minecraft.coal_block":2,"stat.pickup.minecraft.writable_book":1,"stat.useItem.minecraft.redstone_torch":109,"stat.useItem.minecraft.dirt":5096,"stat.useItem.minecraft.stone_slab2":12,"achievement.exploreAllBiomes":{"value":0,"progress":["Beach","Ocean","River","Forest","Plains","Desert","Swampland","Deep Ocean","Savanna"]},"stat.pickup.minecraft.stone_hoe":13,"stat.useItem.minecraft.red_flower":43,"stat.drop.minecraft.web":14,"stat.pickup.minecraft.map":1,"stat.useItem.minecraft.egg":5,"stat.pickup.minecraft.pumpkin_pie":15,"stat.useItem.minecraft.detector_rail":104,"stat.craftItem.minecraft.cooked_beef":1,"stat.pickup.minecraft.shears":9,"stat.pickup.minecraft.cobblestone":102,"stat.useItem.minecraft.spruce_fence_gate":4,"stat.pickup.minecraft.diamond_hoe":83,"stat.flyOneCm":105835182,"stat.pickup.minecraft.chain_command_block":4,"stat.drop.minecraft.wheat_seeds":21,"stat.pickup.minecraft.redstone":48,"stat.timeSinceDeath":401,"stat.useItem.minecraft.sign":716,"stat.useItem.minecraft.wooden_slab":700,"stat.pickup.minecraft.mossy_cobblestone":4,"stat.useItem.minecraft.iron_door":11,"stat.useItem.minecraft.noteblock":5,"stat.useItem.minecraft.lever":104,"stat.useItem.minecraft.potato":252,"stat.killEntity.Wolf":12,"stat.pickup.minecraft.carpet":34,"stat.useItem.minecraft.armor_stand":337,"stat.killEntity.Creeper":1,"stat.talkedToVillager":4547,"stat.drop.minecraft.spawn_egg":3,"stat.useItem.minecraft.sea_lantern":86,"stat.pickup.minecraft.nether_star":1,"stat.drop.minecraft.compass":7,"stat.useItem.minecraft.written_book":375,"stat.useItem.minecraft.spruce_fence":58,"stat.sprintOneCm":3482116,"stat.useItem.minecraft.diamond_shovel":3,"stat.pickup.minecraft.paper":5,"stat.drop.minecraft.stone_hoe":8,"stat.useItem.minecraft.stone_slab":559,"stat.useItem.minecraft.bed":22,"stat.craftItem.minecraft.gold_nugget":256,"stat.useItem.minecraft.snowball":235,"stat.useItem.minecraft.stone_pressure_plate":14,"stat.useItem.minecraft.diamond_pickaxe":4,"stat.pickup.minecraft.spawn_egg":259,"stat.drop":350,"stat.pickup.minecraft.stone_button":45,"stat.useItem.minecraft.banner":2,"stat.useItem.minecraft.ladder":56,"stat.useItem.minecraft.diamond_ore":9,"stat.useItem.minecraft.purpur_block":4,"stat.drop.minecraft.redstone_block":2,"stat.useItem.minecraft.melon_seeds":1,"stat.killEntity.Zombie":201,"stat.drop.minecraft.bread":15,"stat.useItem.minecraft.birch_stairs":1,"stat.diveOneCm":136812,"stat.drop.minecraft.diamond_pickaxe":2,"stat.pickup.minecraft.wheat":1478,"stat.mineBlock.minecraft.mossy_cobblestone":4,"stat.useItem.minecraft.sticky_piston":5,"stat.pickup.minecraft.sign":81,"stat.useItem.minecraft.quartz_stairs":102,"stat.useItem.minecraft.carpet":587,"stat.useItem.minecraft.stained_glass_pane":408,"stat.drop.minecraft.apple":17,"stat.pickup.minecraft.diamond_sword":15,"stat.craftItem.minecraft.diamond_sword":1,"stat.useItem.minecraft.bedrock":6,"stat.useItem.minecraft.sand":325,"stat.useItem.minecraft.iron_trapdoor":10,"stat.jump":26265,"stat.pickup.minecraft.iron_ingot":1,"stat.useItem.minecraft.piston":2,"stat.drop.minecraft.diamond_sword":339,"stat.useItem.minecraft.stone_button":136,"stat.pickup.minecraft.dirt":133,"stat.pickup.minecraft.diamond_ore":2,"stat.useItem.minecraft.dispenser":17,"stat.useItem.minecraft.glass":52,"stat.useItem.minecraft.sapling":4,"stat.mineBlock.minecraft.iron_bars":11,"stat.pickup.minecraft.command_block":2,"stat.damageTaken":23844,"stat.pickup.minecraft.leather":20,"stat.useItem.minecraft.stone_brick_stairs":7,"stat.mineBlock.minecraft.red_flower":5,"stat.pickup.minecraft.written_book":65,"stat.dispenserInspected":112,"stat.tradedWithVillager":146,"stat.drop.minecraft.stone_button":20,"stat.noteblockTuned":1,"stat.pickup.minecraft.log2":1,"stat.pickup.minecraft.bed":3,"stat.useItem.minecraft.birch_fence":52,"stat.pickup.minecraft.potato":13,"stat.entityKilledBy.Zombie":1,"stat.damageDealt":89463,"stat.useItem.minecraft.snow_layer":4,"stat.killEntity.Cow":5,"stat.useItem.minecraft.crafting_table":22,"stat.killEntity.Pig":1,"stat.craftItem.minecraft.iron_sword":1,"stat.useItem.minecraft.command_block":3646,"stat.pickup.minecraft.boat":2,"stat.walkOneCm":16028340,"stat.useItem.minecraft.chest":120,"stat.drop.minecraft.item_frame":2,"stat.drop.minecraft.wheat":10,"stat.pickup.minecraft.diamond_pickaxe":2,"stat.useItem.minecraft.tnt":209,"stat.useItem.minecraft.gold_ore":41,"stat.pickup.minecraft.rabbit_foot":6,"stat.useItem.minecraft.redstone_block":1441,"stat.pickup.minecraft.tnt":1,"stat.useItem.minecraft.item_frame":265,"stat.useItem.minecraft.spruce_stairs":256,"stat.pickup.minecraft.stone":10,"stat.pickup.minecraft.baked_potato":25,"stat.useItem.minecraft.stained_hardened_clay":354,"stat.useItem.minecraft.leaves":887,"stat.drop.minecraft.command_block":4,"stat.useItem.minecraft.netherrack":79,"stat.killEntity.Chicken":4,"stat.drop.minecraft.cookie":15,"stat.pickup.minecraft.netherbrick":1,"stat.useItem.minecraft.iron_block":12,"stat.pickup.minecraft.bread":33,"stat.drop.minecraft.filled_map":1,"stat.mobKills":287,"stat.drop.minecraft.repeating_command_block":3,"stat.craftItem.minecraft.shears":1,"stat.drop.minecraft.written_book":8,"stat.useItem.minecraft.mossy_cobblestone":54,"stat.useItem.minecraft.cobblestone_wall":42,"stat.pickup.minecraft.diamond":1,"stat.pickup.minecraft.beetroot_seeds":176,"stat.useItem.minecraft.writable_book":1,"stat.pickup.minecraft.torch":45,"stat.pickup.minecraft.elytra":2,"stat.useItem.minecraft.purpur_slab":1,"stat.craftItem.minecraft.map":2,"stat.useItem.minecraft.map":6,"stat.craftItem.minecraft.compass":2,"stat.useItem.minecraft.sandstone":25}