{"stat.chestOpened":296,"stat.drop.minecraft.armor_stand":9,"stat.useItem.minecraft.chain_command_block":52,"stat.useItem.minecraft.quartz_block":213,"stat.pickup.minecraft.sign":80,"stat.pickup.minecraft.redstone_torch":1,"stat.useItem.minecraft.stone":16,"stat.useItem.minecraft.repeater":1,"stat.leaveGame":80,"stat.useItem.minecraft.sponge":1,"stat.pickup.minecraft.iron_sword":71,"stat.drop.minecraft.golden_shovel":1,"stat.useItem.minecraft.repeating_command_block":19,"stat.useItem.minecraft.diamond_sword":21,"stat.useItem.minecraft.stained_glass_pane":7,"stat.drop.minecraft.sponge":1,"stat.jump":821,"stat.swimOneCm":9272,"stat.climbOneCm":2288,"stat.fallOneCm":5229,"stat.useItem.minecraft.planks":10,"stat.drop.minecraft.diamond_sword":1,"stat.drop.minecraft.wooden_sword":1,"stat.crouchOneCm":1381,"stat.useItem.minecraft.redstone_torch":2,"stat.useItem.minecraft.dirt":41,"stat.useItem.minecraft.stone_button":27,"achievement.exploreAllBiomes":{"value":0,"progress":["Ocean","River","Desert","Savanna","Deep Ocean"]},"stat.useItem.minecraft.diamond_hoe":76,"stat.pickup.minecraft.repeater":2,"stat.useItem.minecraft.egg":17,"stat.damageTaken":575,"stat.pickup.minecraft.feather":3,"stat.pickup.minecraft.written_book":1,"stat.dispenserInspected":9,"stat.pickup.minecraft.diamond_hoe":25,"stat.flyOneCm":2928862,"stat.pickup.minecraft.wheat_seeds":9,"stat.entityKilledBy.Zombie":1,"stat.drop.minecraft.diamond_hoe":70,"stat.damageDealt":1483,"stat.pickup.minecraft.redstone":15,"stat.timeSinceDeath":400046,"stat.useItem.minecraft.sign":59,"stat.useItem.minecraft.spawn_egg":55,"stat.useItem.minecraft.wooden_slab":21,"stat.drop.minecraft.spider_eye":1,"stat.useItem.minecraft.command_block":90,"stat.walkOneCm":611298,"stat.trappedChestTriggered":10,"stat.useItem.minecraft.chest":5,"stat.useItem.minecraft.lever":1,"stat.useItem.minecraft.log":2,"stat.useItem.minecraft.armor_stand":16,"stat.killEntity.Creeper":4,"stat.talkedToVillager":548,"stat.pickup.minecraft.wooden_sword":1,"stat.drop.minecraft.spawn_egg":17,"stat.pickup.minecraft.sponge":1,"stat.drop.minecraft.sign":1,"stat.useItem.minecraft.redstone_block":13,"stat.useItem.minecraft.redstone":5,"stat.useItem.minecraft.item_frame":27,"stat.useItem.minecraft.written_book":16,"stat.drop.minecraft.egg":1,"stat.sprintOneCm":95018,"stat.useItem.minecraft.stained_glass":8,"stat.useItem.minecraft.fence":48,"stat.pickup.minecraft.ladder":2,"stat.useItem.minecraft.stone_slab":14,"achievement.openInventory":135,"stat.drop.minecraft.cookie":1,"stat.useItem.minecraft.wooden_button":2,"stat.mobKills":5,"stat.drop.minecraft.written_book":5,"stat.pickup.minecraft.lever":1,"stat.deaths":8,"stat.drop":34,"stat.playOneMinute":1184670,"stat.pickup.minecraft.stone_button":2,"stat.pickup.minecraft.torch":75,"stat.sneakTime":6289,"stat.killEntity.Zombie":1,"stat.drop.minecraft.chest":3,"stat.drop.minecraft.bread":1,"stat.useItem.minecraft.jukebox":3,"stat.diveOneCm":25243,"stat.pickup.minecraft.wheat":7}