{"stat.flyOneCm":26376,"stat.walkOneCm":45714,"stat.jump":18,"stat.playOneMinute":26457,"stat.useItem.minecraft.lever":22,"stat.useItem.minecraft.redstone_lamp":8,"achievement.openInventory":1,"stat.useItem.minecraft.stone":17,"stat.useItem.minecraft.redstone":43,"stat.useItem.minecraft.repeater":1,"stat.leaveGame":1,"stat.crouchOneCm":453,"stat.timeSinceDeath":26457,"stat.useItem.minecraft.redstone_torch":14,"stat.useItem.minecraft.sign":9,"stat.sprintOneCm":2473,"achievement.exploreAllBiomes":{"value":0,"progress":["Desert"]}}