{"stat.useItem.89":7,"stat.useItem.146":2,"achievement.openInventory":17,"stat.damageDealt":1950,"achievement.exploreAllBiomes":{"value":0,"progress":["Plains"]},"stat.useItem.112":80,"stat.useItem.324":1,"stat.useItem.126":57,"stat.useItem.18":5,"stat.damageTaken":170,"stat.useItem.47":23,"stat.flyOneCm":5518,"stat.playOneMinute":17406,"stat.killEntity.Spider":1,"stat.useItem.114":4,"stat.useItem.116":4,"stat.killEntity.Slime":11,"stat.walkOneCm":55388,"stat.jump":17,"stat.useItem.145":2,"stat.killEntity.Zombie":2,"stat.useItem.276":18,"stat.mobKills":15,"stat.killEntity.Skeleton":1}