{"stat.useItem.130":1,"stat.useItem.173":39,"stat.killEntity.Sheep":1,"stat.useItem.3":148,"stat.useItem.65":10,"achievement.exploreAllBiomes":{"value":0,"progress":["Forest","Desert","Extreme Hills","Plains","River","Extreme Hills Edge"]},"stat.useItem.25":24,"stat.useItem.143":7,"stat.useItem.72":5,"stat.useItem.89":17,"stat.useItem.46":31,"achievement.openInventory":199,"stat.damageDealt":9575,"stat.useItem.23":12,"stat.useItem.50":30,"stat.useItem.5":19,"stat.useItem.323":17,"stat.useItem.355":11,"stat.useItem.86":2,"stat.flyOneCm":803099,"stat.useItem.33":24,"stat.useItem.69":6,"stat.killEntity.EntityHorse":1,"stat.climbOneCm":7297,"stat.killEntity.Chicken":1,"stat.drop":34,"stat.damageTaken":2147483647,"stat.useItem.47":38,"stat.useItem.155":134,"stat.useItem.70":5,"stat.useItem.76":40,"stat.useItem.29":19,"stat.leaveGame":2,"stat.diveOneCm":920,"stat.useItem.356":113,"stat.useItem.330":8,"stat.useItem.54":17,"stat.useItem.159":244,"stat.killEntity.Spider":21,"stat.useItem.61":1,"stat.useItem.134":3,"stat.useItem.85":5,"stat.killEntity.Creeper":10,"stat.playOneMinute":237895,"stat.useItem.22":2,"stat.useItem.58":1,"stat.swimOneCm":617,"stat.killEntity.Skeleton":1,"stat.useItem.397":9,"stat.walkOneCm":636006,"stat.useItem.77":2,"stat.useItem.145":1,"stat.useItem.35":240,"stat.useItem.44":128,"stat.useItem.7":431,"stat.jump":792,"stat.useItem.13":372,"stat.useItem.137":19,"stat.deaths":1,"stat.useItem.113":11,"stat.mobKills":50,"stat.useItem.42":12,"stat.useItem.389":2,"stat.useItem.171":130,"stat.killEntity.Zombie":15,"stat.useItem.276":111,"stat.useItem.1":10,"stat.useItem.20":3,"stat.useItem.331":279,"stat.useItem.101":97}