{"stat.chestOpened":12,"stat.useItem.minecraft.sticky_piston":21,"stat.pickup.minecraft.redstone_torch":4,"stat.useItem.minecraft.repeater":79,"stat.leaveGame":4,"stat.drop.minecraft.redstone":16,"stat.useItem.minecraft.glowstone":4,"stat.jump":178,"stat.useItem.minecraft.trapped_chest":2,"stat.useItem.minecraft.piston":6,"stat.pickup.minecraft.gunpowder":22,"stat.crouchOneCm":3257,"stat.drop.minecraft.gold_ore":16,"stat.useItem.minecraft.redstone_torch":51,"achievement.exploreAllBiomes":{"value":0,"progress":["Desert"]},"stat.useItem.minecraft.water_bucket":4,"stat.craftingTableInteraction":6,"stat.useItem.minecraft.dispenser":6,"stat.useItem.minecraft.redstone_lamp":5,"stat.pickup.minecraft.comparator":1,"stat.pickup.minecraft.repeater":1,"stat.dispenserInspected":7,"stat.flyOneCm":102019,"stat.damageDealt":50,"stat.pickup.minecraft.redstone":3,"stat.timeSinceDeath":107795,"stat.hopperInspected":48,"stat.useItem.minecraft.crafting_table":1,"stat.useItem.minecraft.sign":3,"stat.drop.minecraft.diamond":16,"stat.useItem.minecraft.iron_door":7,"stat.drop.minecraft.repeater":1,"stat.walkOneCm":290250,"stat.trappedChestTriggered":10,"stat.useItem.minecraft.chest":3,"stat.useItem.minecraft.lever":38,"stat.drop.minecraft.fire_charge":2,"stat.useItem.minecraft.comparator":3,"stat.useItem.minecraft.cobblestone":114,"stat.useItem.minecraft.tnt":40,"stat.useItem.minecraft.lava_bucket":1,"stat.pickup.minecraft.wooden_button":1,"stat.useItem.minecraft.redstone":287,"stat.sprintOneCm":121,"stat.useItem.minecraft.stone_slab":2,"achievement.openInventory":56,"stat.useItem.minecraft.iron_block":181,"stat.useItem.minecraft.wooden_button":5,"stat.useItem.minecraft.stone_pressure_plate":4,"stat.drop.minecraft.fireworks":2,"stat.useItem.minecraft.hopper":10,"stat.pickup.minecraft.lever":4,"stat.drop":53,"stat.playOneMinute":107795,"stat.sneakTime":2366,"stat.useItem.minecraft.sandstone":142}