{"stat.useItem.6":20335,"stat.breakItem.310":1,"stat.useItem.148":16,"stat.useItem.147":4,"achievement.openInventory":7362,"stat.useItem.146":16,"stat.useItem.145":110,"stat.jump":22839,"achievement.exploreAllBiomes":{"value":0,"progress":["Plains"]},"stat.mineBlock.50":1,"stat.killEntity.Skeleton":181,"stat.useItem.342":5,"stat.useItem.1":2467,"stat.useItem.57":85,"stat.useItem.287":27,"stat.killEntity.Ghast":1,"stat.useItem.3":23796,"stat.useItem.58":46,"stat.minecartOneCm":113201,"stat.useItem.4":569,"stat.killEntity.Witch":4,"stat.useItem.5":14293,"stat.useItem.293":126,"stat.useItem.54":226,"stat.climbOneCm":767376,"stat.useItem.2264":3,"stat.useItem.56":31,"stat.useItem.292":120,"stat.useItem.50":2181,"stat.useItem.2262":1,"stat.killEntity.Villager":448,"stat.killEntity.Wolf":40,"stat.killEntity.Enderman":2,"stat.useItem.131":2,"stat.useItem.130":1,"stat.killEntity.Bat":12,"stat.useItem.134":164,"stat.useItem.136":9,"stat.useItem.139":1983,"stat.useItem.330":4,"stat.useItem.138":11,"stat.useItem.49":320,"stat.useItem.46":661,"stat.diveOneCm":4856541,"stat.useItem.276":2964,"stat.useItem.47":29,"stat.useItem.45":7,"stat.useItem.44":15672,"stat.useItem.42":520,"stat.useItem.41":7,"stat.useItem.407":4,"stat.killEntity.Silverfish":11,"stat.useItem.164":367,"stat.useItem.163":40,"stat.useItem.79":20,"stat.mineBlock.32":1,"stat.mineBlock.31":23,"stat.useItem.72":12,"stat.deaths":9,"stat.mineBlock.39":10,"stat.useItem.73":125,"stat.useItem.76":193,"stat.useItem.272":4,"stat.useItem.78":2326,"stat.useItem.77":53,"stat.useItem.172":3,"stat.useItem.170":368,"stat.useItem.171":2684,"stat.killEntity.Zombie":195,"stat.useItem.70":195,"stat.useItem.157":1,"stat.useItem.156":1407,"stat.useItem.259":119,"stat.useItem.159":19780,"stat.killEntity.LavaSlime":9,"stat.useItem.158":2,"stat.mineBlock.111":2,"stat.useItem.153":209,"stat.useItem.155":27365,"stat.useItem.354":4,"stat.useItem.69":63,"stat.useItem.355":111,"stat.useItem.351":53524,"stat.useItem.61":123,"stat.killEntity.Creeper":31,"stat.useItem.66":415,"stat.useItem.65":709,"stat.useItem.160":244,"stat.useItem.161":33,"stat.useItem.162":10795,"stat.mineBlock.95":1,"stat.useItem.18":330,"stat.killEntity.PigZombie":113,"stat.useItem.17":18520,"stat.useItem.19":175,"stat.fallOneCm":83261,"stat.useItem.14":860,"stat.useItem.13":2099,"stat.useItem.16":294,"stat.useItem.15":277,"stat.killEntity.Cow":3,"stat.useItem.392":16,"stat.damageTaken":221030,"stat.useItem.390":171,"stat.useItem.391":22,"stat.useItem.106":3948,"stat.useItem.107":34,"stat.useItem.383":902,"stat.useItem.109":409,"stat.animalsBred":8,"stat.useItem.389":54,"stat.killEntity.Blaze":3,"stat.damageDealt":259686,"stat.useItem.12":457,"stat.useItem.101":463,"stat.useItem.103":339,"stat.drop":1328,"stat.leaveGame":2,"stat.killEntity.Sheep":20,"stat.useItem.174":3660,"stat.mineBlock.18":4,"stat.useItem.175":17294,"stat.mineBlock.175":6,"stat.useItem.380":5,"stat.useItem.381":78,"stat.boatOneCm":236818,"stat.swimOneCm":1695026,"stat.walkOneCm":20041396,"stat.killEntity.EntityHorse":9,"stat.horseOneCm":122540,"stat.useItem.379":7,"achievement.mineWood":19,"stat.useItem.82":21,"stat.useItem.321":574,"stat.useItem.35":1853,"stat.useItem.84":26,"stat.useItem.38":2755,"stat.useItem.324":102,"stat.useItem.85":2195,"stat.useItem.323":30,"stat.useItem.37":7,"stat.useItem.86":206,"stat.useItem.39":356,"stat.useItem.87":79,"stat.useItem.88":168,"stat.useItem.89":857,"stat.mobKills":1171,"stat.useItem.420":4,"stat.useItem.328":20,"stat.useItem.80":443,"stat.useItem.81":45,"stat.killEntity.Ozelot":1,"stat.useItem.129":66,"stat.mineBlock.171":1,"stat.useItem.123":27,"stat.useItem.126":18593,"stat.useItem.30":168,"stat.useItem.31":4132,"stat.killEntity.Spider":36,"stat.useItem.120":134,"stat.useItem.32":117,"stat.useItem.295":189,"stat.useItem.95":5245,"stat.useItem.27":946,"stat.useItem.96":40,"stat.useItem.2259":3,"stat.useItem.24":246,"stat.flyOneCm":117094087,"stat.useItem.97":167,"stat.useItem.29":30,"stat.killEntity.Slime":10,"stat.useItem.98":6089,"stat.useItem.28":1,"stat.killEntity.Pig":2,"stat.mineBlock.161":3,"stat.useItem.116":47,"stat.useItem.397":387,"stat.mineBlock.106":6,"stat.useItem.112":366,"stat.playOneMinute":13190833,"stat.useItem.113":2732,"stat.useItem.22":1,"stat.useItem.110":397,"stat.useItem.111":16,"stat.useItem.23":6,"stat.useItem.2256":1,"stat.useItem.21":64}