  {
    "pools": [
        {
            "rolls": {
            			"min":1,
            			"max":5
            			},
            "entries": [
                {
                    "type": "item",
                    "name": "minecraft:apple",
                    "weight": 5,
                    "functions": [
                        {
                            "function": "minecraft:set_count",
                            "count": {
                                "min": 1,
                                "max": 1
                            }}]},
                            
                            {
                    "type": "item",
                    "name": "minecraft:bread",
                    "weight": 5,
                     "functions": [
                        {
                            "function": "minecraft:set_count",
                            "count": {
                                "min": 1,
                                "max": 1
                            }}]},
                                                        {
                    "type": "item",
                    "name": "minecraft:emerald",
                    "weight": 1,
                    "quality": 3,
                     "functions": [
                    

                     {
                            "function": "minecraft:set_nbt",
                            "tag": "{display:{Name:\"Animal DNA\"}}"
                            

                        }]},
                                                                       {
                    "type": "item",
                    "name": "minecraft:netherbrick",
                    "weight": 1,
                    "quality": 3,
                     "functions": [
                    

                     {
                            "function": "minecraft:set_nbt",
                            "tag": "{display:{Name:\"Pangolin Scale\"}}"
                            

                        }]},
                        {
                    "type": "item",
                    "name": "minecraft:gold_nugget",
                    "weight": 3,
                    "quality": 3,
                     "functions": [
                    

                     {
                            "function": "minecraft:set_nbt",
                            "tag": "{display:{Name:\"Ranger Coin\",Lore:[\"Use at Trading Camp\"]}}"
                            

                        }]},
                         {
                    "type": "item",
                    "name": "minecraft:web",
                    "weight": 3,
                    "quality": 3,
                     "functions": [
                    

                     {
                            "function": "minecraft:set_nbt",
                            "tag": "{display:{Name:\"Snare\"}}"
                            

                        }]},
                                                {
                    "type": "item",
                    "name": "minecraft:diamond_sword",
                    "weight": 1,
                    "quality": 3,
                     "functions": [
                    

                     {
                            "function": "minecraft:set_nbt",
                            "tag": "{display:{Name:\"Knobkierie\"}}"
                            

                        }]},
                                                                       {
                    "type": "item",
                    "name": "minecraft:iron_sword",
                    "weight": 1,
                    "quality": 3,
                     "functions": [
                    

                     {
                            "function": "minecraft:set_nbt",
                            "tag": "{display:{Name:\"Knobkierie\"}}"
                            

                        }]},
                            {
                    "type": "item",
                    "name": "minecraft:diamond_hoe",
                    "weight": 1,
                    "quality": 3,
                     "functions": [
                        {
                            "function": "minecraft:set_damage",
                            "damage": 0.595
                        },

                     {
                            "function": "minecraft:set_nbt",
                            "tag": "{display:{Name:\"Elephant Tusks\"},Unbreakable:1}"
                        }]},
                     {
                    "type": "item",
                    "name": "minecraft:diamond_hoe",
                    "weight": 1,
                    "quality": 3,
                     "functions": [
                        {
                            "function": "minecraft:set_damage",
                            "damage": 0.596
                        },

                     {
                            "function": "minecraft:set_nbt",
                            "tag": "{display:{Name:\"Rhino Horn\"},Unbreakable:1}"
                        }]},
                            {
                    "type": "item",
                    "name": "minecraft:cooked_fish",
                    "weight": 5,
                     "functions": [
                        {
                            "function": "minecraft:set_count",
                            "count": {
                                "min": 1,
                                "max": 1
                            }}]}
                        
                        
                        ]}]}


