  {
    "pools": [
        {
            "rolls": {
            			"min":1,
            			"max":5
            			},
            "entries": [
                {
                    "type": "item",
                    "name": "minecraft:apple",
                    "weight": 5,
                    "functions": [
                        {
                            "function": "minecraft:set_count",
                            "count": {
                                "min": 1,
                                "max": 1
                            }}]},
                            
                            {
                    "type": "item",
                    "name": "minecraft:bread",
                    "weight": 5,
                     "functions": [
                        {
                            "function": "minecraft:set_count",
                            "count": {
                                "min": 1,
                                "max": 1
                            }}]},
                                                        {
                    "type": "item",
                    "name": "minecraft:baked_potato",
                    "weight": 3,
                    "quality": 3,
                     "functions": [
                    

                     {
                            "function": "minecraft:set_nbt",
                            "tag": "{display:{Name:\"Yummy!\"}}"
                            

                        }]},
                                                                       {
                    "type": "item",
                    "name": "minecraft:rabbit_foot",
                    "weight": 2,
                    "quality": 3,
                     "functions": [
                    

                     {
                            "function": "minecraft:set_nbt",
                            "tag": "{display:{Name:\"Lucky Rabbit's Foot\",Lore:[\"Press 'F' to jump\"]}}"
                            

                        }]},
                        {
                    "type": "item",
                    "name": "minecraft:gold_nugget",
                    "weight": 5,
                    "quality": 3,
                     "functions": [
                    

                     {
                            "function": "minecraft:set_nbt",
                            "tag": "{display:{Name:\"Ranger Coin\",Lore:[\"Use at Trading Camp\"]}}"
                            

                        }]},
                         {
                    "type": "item",
                    "name": "minecraft:mushroom_stew",
                    "weight": 3,
                    "quality": 3,
                     "functions": [
                    

                     {
                            "function": "minecraft:set_nbt",
                            "tag": "{display:{Name:\"Smelly Stew\"}}"
                            

                        }]},
                                                {
                    "type": "item",
                    "name": "minecraft:diamond_sword",
                    "weight": 1,
                    "quality": 3,
                     "functions": [
                    

                     {
                            "function": "minecraft:set_nbt",
                            "tag": "{display:{Name:\"Knobkierie\"}}"
                            

                        }]},
                                                                       {
                    "type": "item",
                    "name": "minecraft:iron_sword",
                    "weight": 1,
                    "quality": 3,
                     "functions": [
                    

                     {
                            "function": "minecraft:set_nbt",
                            "tag": "{display:{Name:\"Knobkierie\"}}"
                            

                        }]},
 
                     {
                    "type": "item",
                    "name": "minecraft:filled_map",
                    "weight":1,
                    "quality": 3,
                     "functions": [
                  
                          {
                            "function": "set_data",
                            "data": 5000
                        },

                     {
                            "function": "minecraft:set_nbt",
                            "tag": "{display:{Name:\"Mini Map map\",Lore:[\"Press 'F' to use\"]},Unbreakable:1}"
                        }]},
                            {
                    "type": "item",
                    "name": "minecraft:cooked_fish",
                    "weight": 5,
                     "functions": [
                        {
                            "function": "minecraft:set_count",
                            "count": {
                                "min": 1,
                                "max": 1
                            }}]}
                        
                        
                        ]}]}


