{
    "pools": [
        {
            "rolls": 24,
            "entries": [
                {
                    "type": "item",
                    "name": "minecraft:iron_sword","functions": [
                        {
                            "function": "set_count",
                            "count": {
                                "min": 1,
                                "max": 1
                            }
                        }
                    ],
                    "weight": 5
                }
	    ]
	},
        {
            "rolls": 3,
            "entries": [
                {
                    "type": "item",
                    "name": "minecraft:torch",
                    "functions": [
                        {
                            "function": "set_count",
                            "count": {
                                "min": 1,
                                "max": 16
                            }
                        }
                    ],
                    "weight": 15
                }
            ]
        }
    ]
}